"epic_id","epic_title","story_id","story_title","description","acceptance_criteria","priority","complexity","phase","labels","dependencies"
"epic-search-relevance","Search Relevance Improvement","story-relevance-analysis","Conduct Root-Cause Analysis for Relevance Drop","Conduct a root-cause analysis to identify the factors contributing to the 15% drop in search relevance scores for anonymous users following the v2.4.1 deployment.","GIVEN the search relevance score data WHEN the analysis is complete THEN a report detailing the findings and recommendations is produced.","P0","medium","MVP","search, relevance, analysis",""
"epic-autocomplete","Autocomplete Functionality Improvement","story-autocomplete-cache-fix","Fix Autocomplete Cache Configuration","Adjust the cache TTL for autocomplete suggestions from 7 days back to 24 hours to ensure users receive relevant and timely suggestions.","GIVEN the autocomplete cache settings WHEN the TTL is adjusted THEN suggestions are updated every 24 hours.","P1","simple","MVP","autocomplete, cache, relevance",""
"epic-search-performance","Search Performance Optimization","story-mobile-latency-optimization","Optimize Mobile Search Latency","Profile the search latency on mobile and optimize the ranking model or implement mobile-specific caching to reduce the P95 latency from 890ms to below 600ms.","GIVEN the mobile search latency data WHEN optimizations are applied THEN the P95 latency is reduced to below 600ms.","P1","medium","V1","performance, mobile, latency","story-relevance-analysis, story-autocomplete-cache-fix"
"epic-search-instrumentation","Search Feature Instrumentation","story-instrumentation-new-features","Implement Instrumentation for New Search Features","Add analytics instrumentation for image search and voice search to track user interactions and performance metrics.","GIVEN the new search features WHEN instrumentation is implemented THEN analytics events for image and voice search are recorded.","P1","medium","V1","analytics, instrumentation, search","story-relevance-analysis, story-autocomplete-cache-fix"
"epic-image-search","Image Search Metrics","story-baseline-metrics-image-search","Establish Baseline Metrics for Image Search","Define and implement baseline metrics for image search, including query volume, zero-result rate, and click-through rate to measure its effectiveness.","GIVEN the image search feature WHEN baseline metrics are established THEN metrics for query volume, zero-result rate, and click-through rate are available.","P1","medium","V1","metrics, image search, baseline","story-relevance-analysis, story-autocomplete-cache-fix"
"epic-ab-testing","A/B Testing for Search Improvements","story-ab-test-anonymous-users","Conduct A/B Testing for Ranking Algorithm","Design and execute a new A/B test specifically targeting anonymous users to evaluate the impact of the ranking algorithm on their search relevance.","GIVEN the new A/B test is designed WHEN it is executed THEN results for anonymous users are collected and analyzed.","P1","medium","V1","A/B testing, ranking, anonymous users","story-relevance-analysis, story-autocomplete-cache-fix"
"epic-monitoring","Search Monitoring and Alerts","story-monitoring-relevance-scores","Monitor Search Relevance Metrics","Implement monitoring and alerting for search relevance scores to proactively identify and address drops in performance.","GIVEN the monitoring system is implemented WHEN relevance scores drop significantly THEN alerts are triggered.","P1","medium","V1","monitoring, metrics, search","story-relevance-analysis, story-autocomplete-cache-fix"
"epic-user-feedback","User Feedback Collection","story-collect-feedback-anonymous-users","Collect User Feedback on Search Experience","Implement a mechanism to collect user feedback specifically from anonymous users regarding their search experience to inform future improvements.","GIVEN the feedback mechanism is implemented WHEN anonymous users provide feedback THEN their responses are collected and analyzed.","P2","simple","V2","user feedback, search, anonymous users","story-mobile-latency-optimization, story-instrumentation-new-features, story-baseline-metrics-image-search, story-ab-test-anonymous-users, story-monitoring-relevance-scores, story-search-autocomplete-suggestions-showing-stale-data"
"epic-analytics-dashboard","Search Analytics Dashboard Enhancement","story-update-analytics-dashboard","Enhance Search Analytics Dashboard","Update the search analytics dashboard to include metrics for new features like image and voice search, providing visibility into their performance.","GIVEN the dashboard is updated WHEN new features are added THEN their metrics are displayed correctly.","P2","medium","V2","analytics, dashboard, search","story-mobile-latency-optimization, story-instrumentation-new-features, story-baseline-metrics-image-search, story-ab-test-anonymous-users, story-monitoring-relevance-scores, story-search-autocomplete-suggestions-showing-stale-data"
"epic-error-handling","Search Error Handling Improvements","story-error-handling-search-queries","Implement Error Handling for Search Queries","Develop robust error handling for search queries to ensure users receive meaningful feedback when queries fail or return zero results.","GIVEN a search query fails WHEN the error handling is triggered THEN a user-friendly error message is displayed.","P2","medium","V2","error handling, search, user experience","story-mobile-latency-optimization, story-instrumentation-new-features, story-baseline-metrics-image-search, story-ab-test-anonymous-users, story-monitoring-relevance-scores, story-search-autocomplete-suggestions-showing-stale-data"
"epic-documentation","Search Documentation Update","story-update-search-documentation","Review and Update Search Documentation","Revise the search documentation to reflect changes made in the v2.4.1 deployment and provide guidance on new features and metrics.","GIVEN the documentation is updated WHEN new features are added THEN the documentation accurately reflects those changes.","P3","simple","V2","documentation, search, update","story-mobile-latency-optimization, story-instrumentation-new-features, story-baseline-metrics-image-search, story-ab-test-anonymous-users, story-monitoring-relevance-scores, story-search-autocomplete-suggestions-showing-stale-data"
"epic-search","SEARCH Initiatives","story-search-autocomplete-suggestions-showing-stale-data","Search autocomplete suggestions showing stale data","Autocomplete suggestions are sourced from a cache refreshed every 24 hours. Since v2.4.1 the cache TTL was inadvertently extended to 7 days due to a config change in the deployment pipeline. Users are seeing suggestions for products that are out of stock or promotions that have ended. The stale data is compounding the relevance problem — users click an autocomplete suggestion and land on a zero-result page.","","P2","medium","V1","bug, autocomplete, cache, search","story-relevance-analysis, story-autocomplete-cache-fix"
